Workbook

Sheet Dashboard
A1: LineShine · AKT26 Hackathon Dashboard
A2: Team ID 1065 · Everything here is calculated from the other sheets: don't type on this page.
A3: Today (Cairo): | B3: =NOW() | D3: Next deadline: | E3: =IFERROR(SMALL(Tasks!J5:J204,COUNTIF(Tasks!J5:J204,"<"&NOW())+1),"—")
A5: Key numbers
A6: Total tasks | D6: Done | G6: % complete
A7: =COUNTA(Tasks!$B$5:$B$204) | D7: =COUNTIF(Tasks!$F$5:$F$204,"Done") | G7: =IFERROR(COUNTIF(Tasks!$F$5:$F$204,"Done")/COUNTA(Tasks!$B$5:$B$204),0)
A9: In progress / review | D9: Blocked | G9: Overdue
A10: =COUNTIF(Tasks!$F$5:$F$204,"In progress")+COUNTIF(Tasks!$F$5:$F$204,"In review") | D10: =COUNTIF(Tasks!$F$5:$F$204,"Blocked") | G10: =COUNTIF(Tasks!$M$5:$M$204,"Yes")
A12: Points secured | D12: Unassigned open tasks | G12: Team learning done
A13: =SUMIF(Tasks!$F$5:$F$204,"Done",Tasks!$H$5:$H$204)&" / "&SUM(Tasks!$H$5:$H$204) | D13: =SUMPRODUCT((Tasks!$B$5:$B$204<>"")*(Tasks!$F$5:$F$204<>"Done")*(Tasks!$E$5:$E$204="")) | G13: =IFERROR(AVERAGE(Learning!$J$6:$O$6),0)
A16: Progress by assignment
A17: Assignment | B17: Tasks | D17: Done | E17: % done | G17: Points done | H17: Points total | I17: Overdue
A18: =Lists!D5 | B18: =IF(A18="","",COUNTIF(Tasks!$C$5:$C$204,A18)) | D18: =IF(A18="","",COUNTIFS(Tasks!$C$5:$C$204,A18,Tasks!$F$5:$F$204,"Done")) | E18: =IF(OR(A18="",B18=0),"",D18/B18) | G18: =IF(A18="","",SUMIFS(Tasks!$H$5:$H$204,Tasks!$C$5:$C$204,A18,Tasks!$F$5:$F$204,"Done")) | H18: =IF(A18="","",SUMIFS(Tasks!$H$5:$H$204,Tasks!$C$5:$C$204,A18)) | I18: =IF(A18="","",COUNTIFS(Tasks!$C$5:$C$204,A18,Tasks!$M$5:$M$204,"Yes"))
A19: =Lists!D6 | B19: =IF(A19="","",COUNTIF(Tasks!$C$5:$C$204,A19)) | D19: =IF(A19="","",COUNTIFS(Tasks!$C$5:$C$204,A19,Tasks!$F$5:$F$204,"Done")) | E19: =IF(OR(A19="",B19=0),"",D19/B19) | G19: =IF(A19="","",SUMIFS(Tasks!$H$5:$H$204,Tasks!$C$5:$C$204,A19,Tasks!$F$5:$F$204,"Done")) | H19: =IF(A19="","",SUMIFS(Tasks!$H$5:$H$204,Tasks!$C$5:$C$204,A19)) | I19: =IF(A19="","",COUNTIFS(Tasks!$C$5:$C$204,A19,Tasks!$M$5:$M$204,"Yes"))
A20: =Lists!D7 | B20: =IF(A20="","",COUNTIF(Tasks!$C$5:$C$204,A20)) | D20: =IF(A20="","",COUNTIFS(Tasks!$C$5:$C$204,A20,Tasks!$F$5:$F$204,"Done")) | E20: =IF(OR(A20="",B20=0),"",D20/B20) | G20: =IF(A20="","",SUMIFS(Tasks!$H$5:$H$204,Tasks!$C$5:$C$204,A20,Tasks!$F$5:$F$204,"Done")) | H20: =IF(A20="","",SUMIFS(Tasks!$H$5:$H$204,Tasks!$C$5:$C$204,A20)) | I20: =IF(A20="","",COUNTIFS(Tasks!$C$5:$C$204,A20,Tasks!$M$5:$M$204,"Yes"))
A21: =Lists!D8 | B21: =IF(A21="","",COUNTIF(Tasks!$C$5:$C$204,A21)) | D21: =IF(A21="","",COUNTIFS(Tasks!$C$5:$C$204,A21,Tasks!$F$5:$F$204,"Done")) | E21: =IF(OR(A21="",B21=0),"",D21/B21) | G21: =IF(A21="","",SUMIFS(Tasks!$H$5:$H$204,Tasks!$C$5:$C$204,A21,Tasks!$F$5:$F$204,"Done")) | H21: =IF(A21="","",SUMIFS(Tasks!$H$5:$H$204,Tasks!$C$5:$C$204,A21)) | I21: =IF(A21="","",COUNTIFS(Tasks!$C$5:$C$204,A21,Tasks!$M$5:$M$204,"Yes"))
A22: =Lists!D9 | B22: =IF(A22="","",COUNTIF(Tasks!$C$5:$C$204,A22)) | D22: =IF(A22="","",COUNTIFS(Tasks!$C$5:$C$204,A22,Tasks!$F$5:$F$204,"Done")) | E22: =IF(OR(A22="",B22=0),"",D22/B22) | G22: =IF(A22="","",SUMIFS(Tasks!$H$5:$H$204,Tasks!$C$5:$C$204,A22,Tasks!$F$5:$F$204,"Done")) | H22: =IF(A22="","",SUMIFS(Tasks!$H$5:$H$204,Tasks!$C$5:$C$204,A22)) | I22: =IF(A22="","",COUNTIFS(Tasks!$C$5:$C$204,A22,Tasks!$M$5:$M$204,"Yes"))
A23: =Lists!D10 | B23: =IF(A23="","",COUNTIF(Tasks!$C$5:$C$204,A23)) | D23: =IF(A23="","",COUNTIFS(Tasks!$C$5:$C$204,A23,Tasks!$F$5:$F$204,"Done")) | E23: =IF(OR(A23="",B23=0),"",D23/B23) | G23: =IF(A23="","",SUMIFS(Tasks!$H$5:$H$204,Tasks!$C$5:$C$204,A23,Tasks!$F$5:$F$204,"Done")) | H23: =IF(A23="","",SUMIFS(Tasks!$H$5:$H$204,Tasks!$C$5:$C$204,A23)) | I23: =IF(A23="","",COUNTIFS(Tasks!$C$5:$C$204,A23,Tasks!$M$5:$M$204,"Yes"))
A26: Team overview
A27: Member | B27: Open tasks | D27: Done tasks | E27: Check-ins | G27: Last check-in | H27: Learning done | I27: Study hours
A28: =Team!A5 | B28: =Team!E5 | D28: =Team!F5 | E28: =Team!G5 | G28: =IF(COUNTIF('Daily Check-ins'!$B$5:$B$404,A28)=0,"—",SUMPRODUCT(MAX(('Daily Check-ins'!$B$5:$B$404=A28)*'Daily Check-ins'!$A$5:$A$404))) | H28: =Team!H5 | I28: =INDEX(Learning!$J$7:$O$7,MATCH(A28,Learning!$J$4:$O$4,0))
A29: =Team!A6 | B29: =Team!E6 | D29: =Team!F6 | E29: =Team!G6 | G29: =IF(COUNTIF('Daily Check-ins'!$B$5:$B$404,A29)=0,"—",SUMPRODUCT(MAX(('Daily Check-ins'!$B$5:$B$404=A29)*'Daily Check-ins'!$A$5:$A$404))) | H29: =Team!H6 | I29: =INDEX(Learning!$J$7:$O$7,MATCH(A29,Learning!$J$4:$O$4,0))
A30: =Team!A7 | B30: =Team!E7 | D30: =Team!F7 | E30: =Team!G7 | G30: =IF(COUNTIF('Daily Check-ins'!$B$5:$B$404,A30)=0,"—",SUMPRODUCT(MAX(('Daily Check-ins'!$B$5:$B$404=A30)*'Daily Check-ins'!$A$5:$A$404))) | H30: =Team!H7 | I30: =INDEX(Learning!$J$7:$O$7,MATCH(A30,Learning!$J$4:$O$4,0))
A31: =Team!A8 | B31: =Team!E8 | D31: =Team!F8 | E31: =Team!G8 | G31: =IF(COUNTIF('Daily Check-ins'!$B$5:$B$404,A31)=0,"—",SUMPRODUCT(MAX(('Daily Check-ins'!$B$5:$B$404=A31)*'Daily Check-ins'!$A$5:$A$404))) | H31: =Team!H8 | I31: =INDEX(Learning!$J$7:$O$7,MATCH(A31,Learning!$J$4:$O$4,0))
A32: =Team!A9 | B32: =Team!E9 | D32: =Team!F9 | E32: =Team!G9 | G32: =IF(COUNTIF('Daily Check-ins'!$B$5:$B$404,A32)=0,"—",SUMPRODUCT(MAX(('Daily Check-ins'!$B$5:$B$404=A32)*'Daily Check-ins'!$A$5:$A$404))) | H32: =Team!H9 | I32: =INDEX(Learning!$J$7:$O$7,MATCH(A32,Learning!$J$4:$O$4,0))
A33: =Team!A10 | B33: =Team!E10 | D33: =Team!F10 | E33: =Team!G10 | G33: =IF(COUNTIF('Daily Check-ins'!$B$5:$B$404,A33)=0,"—",SUMPRODUCT(MAX(('Daily Check-ins'!$B$5:$B$404=A33)*'Daily Check-ins'!$A$5:$A$404))) | H33: =Team!H10 | I33: =INDEX(Learning!$J$7:$O$7,MATCH(A33,Learning!$J$4:$O$4,0))
A36: How to use this workbook
A37: 1. Tasks: add one row per task. Pick the assignment, assignee, status and priority from the drop-downs. Days left and Overdue fill in by themselves.
A38: 2. Daily Check-ins: each person adds one short row per day (what I did, what's next, what blocks me).
A39: 3. Learning: each person sets their own column to Not started / In progress / Done for every topic.
A40: 4. Team: add GitHub usernames and contacts. Lists: add new statuses or assignments (e.g. Week 2).
A41: Colour key: blue text = cells you type in · grey cells = calculated, don't edit · red = overdue or blocked.
A42: All dates and times are Cairo time, shown in 12-hour AM/PM format.

Sheet Tasks
A1: Task Tracker
A2: One row per task. Fill the blue cells; grey columns are calculated. All times are Cairo time (12-hour AM/PM).
A4: ID | B4: Task | C4: Assignment | D4: Category | E4: Assignee | F4: Status | G4: Priority | H4: Points | I4: Start date | J4: Due (Cairo time) | K4: Completed on | L4: Days left | M4: Overdue? | N4: Notes / link
A5: =IF(B5="","","T-"&TEXT(ROW()-4,"000")) | B5: Rename notebook, set TEAM_ID = 1065 and TEAM_NAME | C5: Setup | D5: Setup | F5: Done | G5: High | I5: 46298 | J5: 46305.624 | K5: 46304 | L5: =IF(OR(J5="",F5="Done"),"",ROUNDDOWN(J5-NOW(),0)) | M5: =IF(OR(J5="",F5="Done"),"",IF(J5<NOW(),"Yes","No"))
A6: =IF(B6="","","T-"&TEXT(ROW()-4,"000")) | B6: Task 1 – Data-quality audit and issue log | C6: Week 1 | D6: Notebook | F6: Done | G6: High | H6: 15 | I6: 46298 | J6: 46305.624 | K6: 46304 | L6: =IF(OR(J6="",F6="Done"),"",ROUNDDOWN(J6-NOW(),0)) | M6: =IF(OR(J6="",F6="Done"),"",IF(J6<NOW(),"Yes","No"))
A7: =IF(B7="","","T-"&TEXT(ROW()-4,"000")) | B7: Task 2 – Consistency, validity and timeliness fixes | C7: Week 1 | D7: Notebook | F7: Done | G7: High | H7: 15 | I7: 46298 | J7: 46305.624 | K7: 46304 | L7: =IF(OR(J7="",F7="Done"),"",ROUNDDOWN(J7-NOW(),0)) | M7: =IF(OR(J7="",F7="Done"),"",IF(J7<NOW(),"Yes","No"))
A8: =IF(B8="","","T-"&TEXT(ROW()-4,"000")) | B8: Task 3 – Imputation study | C8: Week 1 | D8: Notebook | F8: Done | G8: High | H8: 15 | I8: 46298 | J8: 46305.624 | K8: 46304 | L8: =IF(OR(J8="",F8="Done"),"",ROUNDDOWN(J8-NOW(),0)) | M8: =IF(OR(J8="",F8="Done"),"",IF(J8<NOW(),"Yes","No"))
A9: =IF(B9="","","T-"&TEXT(ROW()-4,"000")) | B9: Task 4 – Outliers and transformations | C9: Week 1 | D9: Notebook | F9: Done | G9: Medium | H9: 10 | I9: 46298 | J9: 46305.624 | K9: 46304 | L9: =IF(OR(J9="",F9="Done"),"",ROUNDDOWN(J9-NOW(),0)) | M9: =IF(OR(J9="",F9="Done"),"",IF(J9<NOW(),"Yes","No"))
A10: =IF(B10="","","T-"&TEXT(ROW()-4,"000")) | B10: Task 5 – Leak-free pipeline + TimeSeriesSplit CV | C10: Week 1 | D10: Notebook | F10: Done | G10: High | H10: 15 | I10: 46298 | J10: 46305.624 | K10: 46304 | L10: =IF(OR(J10="",F10="Done"),"",ROUNDDOWN(J10-NOW(),0)) | M10: =IF(OR(J10="",F10="Done"),"",IF(J10<NOW(),"Yes","No"))
A11: =IF(B11="","","T-"&TEXT(ROW()-4,"000")) | B11: Task 6 – Impact study on the test year | C11: Week 1 | D11: Notebook | F11: Done | G11: High | H11: 20 | I11: 46298 | J11: 46305.624 | K11: 46304 | L11: =IF(OR(J11="",F11="Done"),"",ROUNDDOWN(J11-NOW(),0)) | M11: =IF(OR(J11="",F11="Done"),"",IF(J11<NOW(),"Yes","No"))
A12: =IF(B12="","","T-"&TEXT(ROW()-4,"000")) | B12: Final summary cell | C12: Week 1 | D12: Notebook | F12: Done | G12: High | H12: 10 | I12: 46298 | J12: 46305.624 | K12: 46304 | L12: =IF(OR(J12="",F12="Done"),"",ROUNDDOWN(J12-NOW(),0)) | M12: =IF(OR(J12="",F12="Done"),"",IF(J12<NOW(),"Yes","No"))
A13: =IF(B13="","","T-"&TEXT(ROW()-4,"000")) | B13: Bonus – parallel per-station cleaning (HPC) | C13: Week 1 | D13: Bonus | F13: Done | G13: Medium | H13: 10 | I13: 46298 | J13: 46305.624 | K13: 46304 | L13: =IF(OR(J13="",F13="Done"),"",ROUNDDOWN(J13-NOW(),0)) | M13: =IF(OR(J13="",F13="Done"),"",IF(J13<NOW(),"Yes","No"))
A14: =IF(B14="","","T-"&TEXT(ROW()-4,"000")) | B14: Team review of the notebook + Restart & Run All | C14: Week 1 | D14: Review | F14: Not started | G14: High | I14: 46298 | J14: 46305.624 | L14: =IF(OR(J14="",F14="Done"),"",ROUNDDOWN(J14-NOW(),0)) | M14: =IF(OR(J14="",F14="Done"),"",IF(J14<NOW(),"Yes","No"))
A15: =IF(B15="","","T-"&TEXT(ROW()-4,"000")) | B15: Upload notebook via the Google Form (team leader) | C15: Week 1 | D15: Submission | F15: Not started | G15: High | I15: 46298 | J15: 46305.624 | L15: =IF(OR(J15="",F15="Done"),"",ROUNDDOWN(J15-NOW(),0)) | M15: =IF(OR(J15="",F15="Done"),"",IF(J15<NOW(),"Yes","No"))
A16: =IF(B16="","","T-"&TEXT(ROW()-4,"000")) | B16: Keep beijing_clean_team1065.csv.gz for Week 2 | C16: Week 1 | D16: Data | F16: Done | G16: Medium | I16: 46298 | J16: 46305.624 | K16: 46304 | L16: =IF(OR(J16="",F16="Done"),"",ROUNDDOWN(J16-NOW(),0)) | M16: =IF(OR(J16="",F16="Done"),"",IF(J16<NOW(),"Yes","No"))
A17: =IF(B17="","","T-"&TEXT(ROW()-4,"000")) | L17: =IF(OR(J17="",F17="Done"),"",ROUNDDOWN(J17-NOW(),0)) | M17: =IF(OR(J17="",F17="Done"),"",IF(J17<NOW(),"Yes","No"))
A18: =IF(B18="","","T-"&TEXT(ROW()-4,"000")) | L18: =IF(OR(J18="",F18="Done"),"",ROUNDDOWN(J18-NOW(),0)) | M18: =IF(OR(J18="",F18="Done"),"",IF(J18<NOW(),"Yes","No"))
A19: =IF(B19="","","T-"&TEXT(ROW()-4,"000")) | L19: =IF(OR(J19="",F19="Done"),"",ROUNDDOWN(J19-NOW(),0)) | M19: =IF(OR(J19="",F19="Done"),"",IF(J19<NOW(),"Yes","No"))
A20: =IF(B20="","","T-"&TEXT(ROW()-4,"000")) | L20: =IF(OR(J20="",F20="Done"),"",ROUNDDOWN(J20-NOW(),0)) | M20: =IF(OR(J20="",F20="Done"),"",IF(J20<NOW(),"Yes","No"))
A21: =IF(B21="","","T-"&TEXT(ROW()-4,"000")) | L21: =IF(OR(J21="",F21="Done"),"",ROUNDDOWN(J21-NOW(),0)) | M21: =IF(OR(J21="",F21="Done"),"",IF(J21<NOW(),"Yes","No"))
A22: =IF(B22="","","T-"&TEXT(ROW()-4,"000")) | L22: =IF(OR(J22="",F22="Done"),"",ROUNDDOWN(J22-NOW(),0)) | M22: =IF(OR(J22="",F22="Done"),"",IF(J22<NOW(),"Yes","No"))
A23: =IF(B23="","","T-"&TEXT(ROW()-4,"000")) | L23: =IF(OR(J23="",F23="Done"),"",ROUNDDOWN(J23-NOW(),0)) | M23: =IF(OR(J23="",F23="Done"),"",IF(J23<NOW(),"Yes","No"))
A24: =IF(B24="","","T-"&TEXT(ROW()-4,"000")) | L24: =IF(OR(J24="",F24="Done"),"",ROUNDDOWN(J24-NOW(),0)) | M24: =IF(OR(J24="",F24="Done"),"",IF(J24<NOW(),"Yes","No"))
A25: =IF(B25="","","T-"&TEXT(ROW()-4,"000")) | L25: =IF(OR(J25="",F25="Done"),"",ROUNDDOWN(J25-NOW(),0)) | M25: =IF(OR(J25="",F25="Done"),"",IF(J25<NOW(),"Yes","No"))
A26: =IF(B26="","","T-"&TEXT(ROW()-4,"000")) | L26: =IF(OR(J26="",F26="Done"),"",ROUNDDOWN(J26-NOW(),0)) | M26: =IF(OR(J26="",F26="Done"),"",IF(J26<NOW(),"Yes","No"))
A27: =IF(B27="","","T-"&TEXT(ROW()-4,"000")) | L27: =IF(OR(J27="",F27="Done"),"",ROUNDDOWN(J27-NOW(),0)) | M27: =IF(OR(J27="",F27="Done"),"",IF(J27<NOW(),"Yes","No"))
A28: =IF(B28="","","T-"&TEXT(ROW()-4,"000")) | L28: =IF(OR(J28="",F28="Done"),"",ROUNDDOWN(J28-NOW(),0)) | M28: =IF(OR(J28="",F28="Done"),"",IF(J28<NOW(),"Yes","No"))
... A204: =IF(B204="","","T-"&TEXT(ROW()-4,"000")) | L204: =IF(OR(J204="",F204="Done"),"",ROUNDDOWN(J204-NOW(),0)) | M204: =IF(OR(J204="",F204="Done"),"",IF(J204<NOW(),"Yes","No"))

Sheet Daily Check-ins
A1: Daily Check-ins (team progress)
A2: One row per person per day. Keep it short. The grey example row shows the format; delete it once you add real rows.
A4: Date | B4: Member | C4: What I did | D4: What I'll do next | E4: Blocked by | F4: Hours | G4: Related task ID
A5: 46304 | B5: Anas Elgalad | C5: Ran the full notebook; checked every answer cell against the outputs | D5: Review the final summary with the team | E5: — | F5: 2.5 | G5: T-010

Sheet Learning
A1: Learning Progress
A2: Each member marks their own status per topic (Not started / In progress / Done). Topics come from docs/learning-resources.md.
A4: # | B4: Area | C4: Topic | D4: Resource | E4: Est. hours | F4: Team done | G4: Team % done | J4: Abdallah Ismail | K4: Omar Seifelnasr | L4: Abdulrahman Omran | M4: Anas Elgalad | N4: Mohamed Abd Elaal | O4: Mohamed Salah
C5: Per-member progress → | J5: =COUNTIF(J9:J34,"Done")&" / "&COUNTA($C$9:$C$34) | K5: =COUNTIF(K9:K34,"Done")&" / "&COUNTA($C$9:$C$34) | L5: =COUNTIF(L9:L34,"Done")&" / "&COUNTA($C$9:$C$34) | M5: =COUNTIF(M9:M34,"Done")&" / "&COUNTA($C$9:$C$34) | N5: =COUNTIF(N9:N34,"Done")&" / "&COUNTA($C$9:$C$34) | O5: =COUNTIF(O9:O34,"Done")&" / "&COUNTA($C$9:$C$34)
C6: Share of topics done → | J6: =IFERROR(COUNTIF(J9:J34,"Done")/COUNTA($C$9:$C$34),0) | K6: =IFERROR(COUNTIF(K9:K34,"Done")/COUNTA($C$9:$C$34),0) | L6: =IFERROR(COUNTIF(L9:L34,"Done")/COUNTA($C$9:$C$34),0) | M6: =IFERROR(COUNTIF(M9:M34,"Done")/COUNTA($C$9:$C$34),0) | N6: =IFERROR(COUNTIF(N9:N34,"Done")/COUNTA($C$9:$C$34),0) | O6: =IFERROR(COUNTIF(O9:O34,"Done")/COUNTA($C$9:$C$34),0)
C7: Hours of study done → | J7: =SUMIF(J9:J34,"Done",$E$9:$E$34) | K7: =SUMIF(K9:K34,"Done",$E$9:$E$34) | L7: =SUMIF(L9:L34,"Done",$E$9:$E$34) | M7: =SUMIF(M9:M34,"Done",$E$9:$E$34) | N7: =SUMIF(N9:N34,"Done",$E$9:$E$34) | O7: =SUMIF(O9:O34,"Done",$E$9:$E$34)
A9: 1 | B9: Python data wrangling | C9: pandas basics | D9: Kaggle Learn: Pandas | E9: 4 | F9: =COUNTIF(J9:O9,"Done")&" / 6" | G9: =COUNTIF(J9:O9,"Done")/6 | J9: Not started | K9: Not started | L9: Not started | M9: Not started | N9: Not started | O9: Not started
A10: 2 | B10: Python data wrangling | C10: groupby, pivot, time series | D10: pandas User Guide | F10: =COUNTIF(J10:O10,"Done")&" / 6" | G10: =COUNTIF(J10:O10,"Done")/6 | J10: Not started | K10: Not started | L10: Not started | M10: Not started | N10: Not started | O10: Not started
A11: 3 | B11: Python data wrangling | C11: NumPy, pandas, matplotlib | D11: Python Data Science Handbook | F11: =COUNTIF(J11:O11,"Done")&" / 6" | G11: =COUNTIF(J11:O11,"Done")/6 | J11: Not started | K11: Not started | L11: Not started | M11: Not started | N11: Not started | O11: Not started
A12: 4 | B12: Data quality and cleaning (Tasks 1–2) | C12: Missing values, scaling, dates, encodings | D12: Kaggle Learn: Data Cleaning | E12: 4 | F12: =COUNTIF(J12:O12,"Done")&" / 6" | G12: =COUNTIF(J12:O12,"Done")/6 | J12: Not started | K12: Not started | L12: Not started | M12: Not started | N12: Not started | O12: Not started
A13: 5 | B13: Data quality and cleaning (Tasks 1–2) | C13: Missing data in pandas | D13: pandas: Working with missing data | E13: 0.5 | F13: =COUNTIF(J13:O13,"Done")&" / 6" | G13: =COUNTIF(J13:O13,"Done")/6 | J13: Not started | K13: Not started | L13: Not started | M13: Not started | N13: Not started | O13: Not started
A14: 6 | B14: Data quality and cleaning (Tasks 1–2) | C14: The dataset | D14: UCI 501: Beijing Multi-Site Air Quality | E14: 0.25 | F14: =COUNTIF(J14:O14,"Done")&" / 6" | G14: =COUNTIF(J14:O14,"Done")/6 | J14: Not started | K14: Not started | L14: Not started | M14: Not started | N14: Not started | O14: Not started
A15: 7 | B15: Imputation (Task 3) | C15: Simple/KNN/Iterative imputers, missing indicators | D15: scikit-learn: Imputation | E15: 0.75 | F15: =COUNTIF(J15:O15,"Done")&" / 6" | G15: =COUNTIF(J15:O15,"Done")/6 | J15: Not started | K15: Not started | L15: Not started | M15: Not started | N15: Not started | O15: Not started
A16: 8 | B16: Imputation (Task 3) | C16: Limited time interpolation | D16: pandas `Series.interpolate` | E16: 0.25 | F16: =COUNTIF(J16:O16,"Done")&" / 6" | G16: =COUNTIF(J16:O16,"Done")/6 | J16: Not started | K16: Not started | L16: Not started | M16: Not started | N16: Not started | O16: Not started
A17: 9 | B17: Imputation (Task 3) | C17: MCAR / MAR / MNAR | D17: Flexible Imputation of Missing Data, ch. 1–2 | E17: 1 | F17: =COUNTIF(J17:O17,"Done")&" / 6" | G17: =COUNTIF(J17:O17,"Done")/6 | J17: Not started | K17: Not started | L17: Not started | M17: Not started | N17: Not started | O17: Not started
A18: 10 | B18: Outliers and transformations (Task 4) | C18: Log, power and quantile transforms | D18: scikit-learn: Preprocessing | E18: 0.5 | F18: =COUNTIF(J18:O18,"Done")&" / 6" | G18: =COUNTIF(J18:O18,"Done")/6 | J18: Not started | K18: Not started | L18: Not started | M18: Not started | N18: Not started | O18: Not started
A19: 11 | B19: Outliers and transformations (Task 4) | C19: Outlier detection | D19: scikit-learn: Novelty and outlier detection | E19: 0.5 | F19: =COUNTIF(J19:O19,"Done")&" / 6" | G19: =COUNTIF(J19:O19,"Done")/6 | J19: Not started | K19: Not started | L19: Not started | M19: Not started | N19: Not started | O19: Not started
A20: 12 | B20: Outliers and transformations (Task 4) | C20: Outlier basics | D20: NIST e-Handbook: Detection of outliers | E20: 0.33 | F20: =COUNTIF(J20:O20,"Done")&" / 6" | G20: =COUNTIF(J20:O20,"Done")/6 | J20: Not started | K20: Not started | L20: Not started | M20: Not started | N20: Not started | O20: Not started
A21: 13 | B21: Leak-free pipelines and time-series CV (Tasks 5–6) | C21: Pipeline, ColumnTransformer, TransformedTargetRegressor | D21: scikit-learn: Composite estimators | E21: 0.75 | F21: =COUNTIF(J21:O21,"Done")&" / 6" | G21: =COUNTIF(J21:O21,"Done")/6 | J21: Not started | K21: Not started | L21: Not started | M21: Not started | N21: Not started | O21: Not started
A22: 14 | B22: Leak-free pipelines and time-series CV (Tasks 5–6) | C22: **Data leakage** | D22: scikit-learn: Common pitfalls | E22: 0.75 | F22: =COUNTIF(J22:O22,"Done")&" / 6" | G22: =COUNTIF(J22:O22,"Done")/6 | J22: Not started | K22: Not started | L22: Not started | M22: Not started | N22: Not started | O22: Not started
A23: 15 | B23: Leak-free pipelines and time-series CV (Tasks 5–6) | C23: TimeSeriesSplit | D23: scikit-learn: Time series CV | E23: 0.33 | F23: =COUNTIF(J23:O23,"Done")&" / 6" | G23: =COUNTIF(J23:O23,"Done")/6 | J23: Not started | K23: Not started | L23: Not started | M23: Not started | N23: Not started | O23: Not started
... A26: 18 | B26: Leak-free pipelines and time-series CV (Tasks 5–6) | C26: RMSE / MAE / R² | D26: scikit-learn: Regression metrics | E26: 0.33 | F26: =COUNTIF(J26:O26,"Done")&" / 6" | G26: =COUNTIF(J26:O26,"Done")/6 | J26: Not started | K26: Not started | L26: Not started | M26: Not started | N26: Not started | O26: Not started
A27: 19 | B27: Leak-free pipelines and time-series CV (Tasks 5–6) | C27: Time-series thinking | D27: Forecasting: Principles and Practice (3rd ed.) | F27: =COUNTIF(J27:O27,"Done")&" / 6" | G27: =COUNTIF(J27:O27,"Done")/6 | J27: Not started | K27: Not started | L27: Not started | M27: Not started | N27: Not started | O27: Not started
A28: 20 | B28: HPC / parallel computing (bonus) | C28: joblib Parallel | D28: joblib: Embarrassingly parallel for loops | E28: 0.5 | F28: =COUNTIF(J28:O28,"Done")&" / 6" | G28: =COUNTIF(J28:O28,"Done")/6 | J28: Not started | K28: Not started | L28: Not started | M28: Not started | N28: Not started | O28: Not started
A29: 21 | B29: HPC / parallel computing (bonus) | C29: Dask | D29: Dask Tutorial | E29: 2 | F29: =COUNTIF(J29:O29,"Done")&" / 6" | G29: =COUNTIF(J29:O29,"Done")/6 | J29: Not started | K29: Not started | L29: Not started | M29: Not started | N29: Not started | O29: Not started
A30: 22 | B30: HPC / parallel computing (bonus) | C30: Speed-up, efficiency, Amdahl's law | D30: Wikipedia: Amdahl's law | E30: 0.33 | F30: =COUNTIF(J30:O30,"Done")&" / 6" | G30: =COUNTIF(J30:O30,"Done")/6 | J30: Not started | K30: Not started | L30: Not started | M30: Not started | N30: Not started | O30: Not started
A31: 23 | B31: Teamwork tooling | C31: Git | D31: Pro Git book, ch. 1–3 | E31: 2 | F31: =COUNTIF(J31:O31,"Done")&" / 6" | G31: =COUNTIF(J31:O31,"Done")/6 | J31: Not started | K31: Not started | L31: Not started | M31: Not started | N31: Not started | O31: Not started
A32: 24 | B32: Teamwork tooling | C32: GitHub Projects | D32: GitHub Docs: About Projects | E32: 0.33 | F32: =COUNTIF(J32:O32,"Done")&" / 6" | G32: =COUNTIF(J32:O32,"Done")/6 | J32: Not started | K32: Not started | L32: Not started | M32: Not started | N32: Not started | O32: Not started
A33: 25 | B33: Teamwork tooling | C33: Notebook diff and merge | D33: nbdime | E33: 0.25 | F33: =COUNTIF(J33:O33,"Done")&" / 6" | G33: =COUNTIF(J33:O33,"Done")/6 | J33: Not started | K33: Not started | L33: Not started | M33: Not started | N33: Not started | O33: Not started
A34: 26 | B34: Teamwork tooling | C34: Scrum | D34: Atlassian: Scrum | E34: 0.25 | F34: =COUNTIF(J34:O34,"Done")&" / 6" | G34: =COUNTIF(J34:O34,"Done")/6 | J34: Not started | K34: Not started | L34: Not started | M34: Not started | N34: Not started | O34: Not started

Sheet Lists
A1: Lists
A2: Drop-down values used across the workbook. Edit here to add statuses or assignments.
A4: Task status | B4: Priority | C4: Learning status | D4: Assignment
A5: Not started | B5: High | C5: Not started | D5: Week 1
A6: In progress | B6: Medium | C6: In progress | D6: Week 2
A7: In review | B7: Low | C7: Done | D7: Week 3
A8: Blocked | D8: Week 4
A9: Done | D9: Week 5
D10: Setup

Sheet Team
A1: Team LineShine · Team ID 1065
A2: Member list feeds the drop-downs. Add GitHub usernames and contact details in the blue cells.
A4: Member | B4: Role | C4: GitHub username | D4: Email / phone | E4: Tasks open | F4: Tasks done | G4: Check-ins logged | H4: Learning done %
A5: Abdallah Ismail | B5: Team leader | E5: =COUNTIFS(Tasks!$E:$E,$A5,Tasks!$F:$F,"<>Done") | F5: =COUNTIFS(Tasks!$E:$E,$A5,Tasks!$F:$F,"Done") | G5: =COUNTIF('Daily Check-ins'!$B:$B,$A5) | H5: =INDEX(Learning!$J$6:$O$6,MATCH($A5,Learning!$J$4:$O$4,0))
A6: Omar Seifelnasr | B6: Member | E6: =COUNTIFS(Tasks!$E:$E,$A6,Tasks!$F:$F,"<>Done") | F6: =COUNTIFS(Tasks!$E:$E,$A6,Tasks!$F:$F,"Done") | G6: =COUNTIF('Daily Check-ins'!$B:$B,$A6) | H6: =INDEX(Learning!$J$6:$O$6,MATCH($A6,Learning!$J$4:$O$4,0))
A7: Abdulrahman Omran | B7: Member | E7: =COUNTIFS(Tasks!$E:$E,$A7,Tasks!$F:$F,"<>Done") | F7: =COUNTIFS(Tasks!$E:$E,$A7,Tasks!$F:$F,"Done") | G7: =COUNTIF('Daily Check-ins'!$B:$B,$A7) | H7: =INDEX(Learning!$J$6:$O$6,MATCH($A7,Learning!$J$4:$O$4,0))
A8: Anas Elgalad | B8: Member | E8: =COUNTIFS(Tasks!$E:$E,$A8,Tasks!$F:$F,"<>Done") | F8: =COUNTIFS(Tasks!$E:$E,$A8,Tasks!$F:$F,"Done") | G8: =COUNTIF('Daily Check-ins'!$B:$B,$A8) | H8: =INDEX(Learning!$J$6:$O$6,MATCH($A8,Learning!$J$4:$O$4,0))
A9: Mohamed Abd Elaal | B9: Member | E9: =COUNTIFS(Tasks!$E:$E,$A9,Tasks!$F:$F,"<>Done") | F9: =COUNTIFS(Tasks!$E:$E,$A9,Tasks!$F:$F,"Done") | G9: =COUNTIF('Daily Check-ins'!$B:$B,$A9) | H9: =INDEX(Learning!$J$6:$O$6,MATCH($A9,Learning!$J$4:$O$4,0))
A10: Mohamed Salah | B10: Member | E10: =COUNTIFS(Tasks!$E:$E,$A10,Tasks!$F:$F,"<>Done") | F10: =COUNTIFS(Tasks!$E:$E,$A10,Tasks!$F:$F,"Done") | G10: =COUNTIF('Daily Check-ins'!$B:$B,$A10) | H10: =INDEX(Learning!$J$6:$O$6,MATCH($A10,Learning!$J$4:$O$4,0))
